{"cameraMode":{"drawMode":0,"name":"Shaded","section":"Shading Mode"},"sceneLighting":false,"audioPlay":false,"sceneViewState":{"showFog":true,"showMaterialUpdate":false,"showSkybox":false,"showFlares":true,"showImageEffects":true,"showParticleSystems":true,"showVisualEffectGraphs":true,"m_FxEnabled":true},"in2DMode":false,"pivot":{"x":52.12487030029297,"y":-0.44460225105285647,"z":-0.0006698369979858398},"rotation":{"x":0.0764198750257492,"y":-0.011964647099375725,"z":0.0009171183337457478,"w":0.997003436088562},"size":10.239449501037598,"orthographic":false}