{"cameraMode":{"drawMode":0,"name":"Shaded","section":"Shading Mode"},"sceneLighting":true,"audioPlay":false,"sceneViewState":{"showFog":true,"showMaterialUpdate":false,"showSkybox":true,"showFlares":true,"showImageEffects":true,"showParticleSystems":true,"showVisualEffectGraphs":true,"m_FxEnabled":true},"in2DMode":false,"pivot":{"x":10.90555191040039,"y":2.676567554473877,"z":-10.204851150512696},"rotation":{"x":0.07788626104593277,"y":-0.029904883354902269,"z":0.002337326528504491,"w":0.996513307094574},"size":11.309663772583008,"orthographic":false}