{"cameraMode":{"drawMode":0,"name":"Shaded","section":"Shading Mode"},"sceneLighting":true,"audioPlay":false,"sceneViewState":{"showFog":true,"showMaterialUpdate":false,"showSkybox":true,"showFlares":true,"showImageEffects":true,"showParticleSystems":true,"showVisualEffectGraphs":true,"m_FxEnabled":true},"in2DMode":false,"pivot":{"x":43.98736572265625,"y":0.19389033317565919,"z":0.38687920570373537},"rotation":{"x":0.0764198750257492,"y":-0.011964647099375725,"z":0.0009171183337457478,"w":0.997003436088562},"size":9.549510955810547,"orthographic":false}