{"cameraMode":{"drawMode":0,"name":"Shaded","section":"Shading Mode"},"sceneLighting":true,"audioPlay":false,"sceneViewState":{"showFog":true,"showMaterialUpdate":false,"showSkybox":true,"showFlares":true,"showImageEffects":true,"showParticleSystems":true,"showVisualEffectGraphs":true,"m_FxEnabled":true},"in2DMode":false,"pivot":{"x":32.245384216308597,"y":-0.6354560852050781,"z":-15.309768676757813},"rotation":{"x":0.07788626104593277,"y":-0.029904883354902269,"z":0.002337326528504491,"w":0.996513307094574},"size":13.088482856750489,"orthographic":false}