{"cameraMode":{"drawMode":0,"name":"Shaded","section":"Shading Mode"},"sceneLighting":true,"audioPlay":false,"sceneViewState":{"showFog":true,"showMaterialUpdate":false,"showSkybox":true,"showFlares":true,"showImageEffects":true,"showParticleSystems":true,"showVisualEffectGraphs":true,"m_FxEnabled":true},"in2DMode":false,"pivot":{"x":-0.8059759140014648,"y":1.2514877319335938,"z":-12.631473541259766},"rotation":{"x":0.013160379603505135,"y":-0.47972092032432558,"z":0.007196357473731041,"w":0.8772929310798645},"size":7.3905463218688969,"orthographic":false}