{"cameraMode":{"drawMode":0,"name":"Shaded","section":"Shading Mode"},"sceneLighting":true,"audioPlay":false,"sceneViewState":{"showFog":true,"showMaterialUpdate":false,"showSkybox":true,"showFlares":true,"showImageEffects":true,"showParticleSystems":true,"showVisualEffectGraphs":true,"m_FxEnabled":true},"in2DMode":false,"pivot":{"x":112.92081451416016,"y":-23.700801849365236,"z":107.21995544433594},"rotation":{"x":0.10024379938840866,"y":0.24077792465686799,"z":-0.025010492652654649,"w":0.9650704264640808},"size":76.49264526367188,"orthographic":false}